example_index,preceding_comment,comment_for_evaluation,following_comment,toxicity,severe_toxicity,identity_attack,insult,profanity,threat
187366,"the best time to buy was at opening, the second best time to buy is right now.


 naturally this is a casino so bet what you are willing to lose",WORDS CANNOT DESCRIBE HOW SPECTACULARLY ERECT I AM,10k I'd be able to buy a house and set up my retirement. I'd have to work for another 20 or so years but I can live with that.,0,0,0,0,1,0
217190,You need to stop trading after your ambien dude.,"Has anyone ever exercised call on robinhood? Anyway to avoid getting fucked?... seems like good time to exercise ...? Or not worth in on robinhood ? Any opinions about this would be appreciated :)


 Edit to say... fuck you to whoever downvote. I didnâ€™t get fucked with gme last time. I been here to support and thatâ€™s it.",One way or another there are going to be some massive bagholders from today: Either the hedge funds or the retards. Great viewing either way.,1,0,0,1,1,0
288906,I'll have that with a strawberry shake and large fries,"listen retard, dont you get it, I literally meant that only PLTR was literally the only green stock on both the NYSE and NASDQ, and that I was wrong, and that thank christ the retard above caught me.
 Fortunately now he can save us from making bad financial decisions.",Gathered 5 more shares since Monday. Slow and steady,1,0,1,1,1,0
288908,"https://twitter.com/ryancohen/status/1367555194196787206


 [""I like your shorts, buddy""](https://www.youtube.com/watch?v=gxH3UgCW9Cg)","Oh shit, yea that sucks. Hope your calls arenâ€™t expiring soon.",I'm getting hard,0,0,0,0,1,0
54305,All apes on deck. Sale price!!!,Your account is brand new and you only have anti GME comments in these threads. Go fuck yourself.,"Like it or not, this place is a part of history now, a glowing ember of a long-enduring disdain for the mega-rich. I do really wish this subreddit the best as it transitions back to business and loss porn as usual. And I also wish that people realize that we have won so we can move on to other means of, well, sticking it to the man.",1,0,0,1,1,0
60073,Unable to buy GME on either Revolut or Sharesies due to hem sharing the same US partner 'DriveWealth'. Why do we bother saying 'I like the stock' while big companies clearly work together to fuck us over.,Fuck off cunt. Take your GME shares and shove them up your ass.,Canâ€™t lose anything if you donâ€™t sell ðŸš€ðŸ’Ž .HOLD.,1,1,0,1,1,0
