example_id,preceding_comment,comment_for_evaluation,following_comment,toxicity,severe_toxicity,identity_attack,insult,profanity,threat
102655,Hahaha Iâ€™m fucked,Well my average is high on pltr but at least itâ€™s green today,Damn.,0,0,0,0,0,0
104977,If the other half of the V breaks off. Yes,For the lolz,ğŸ¤¢,0,0,0,0,0,0
109938,Need to learn this instead of trying to make bags every play. A few buckets should be a good thing too,this is the way,"Fuck it, I'm sure tomorrow will be better. Grab a beer, have a small cry wank and look in the morning.",0,0,0,0,0,0
113182,^^ this. This is a pretty bullish EOD,Thatâ€™s why no one will remember your name,Fuck I hope x),0,0,0,0,0,0
113552,"is that actually how you write, or is that ironic",PRPL gang ded again,still trying to break even...,0,0,0,0,0,0
121268,"MSOS, $300 Tesla puts maybe oil","If GME moves like it did in Jan to $300+ spy & tqqq going back down to $350 and 60 respectively. Doesnt have to be in a day but throughout all of march and with these gme march 19th rumors, market might crash on that day with gme hitting $450 again",HOLY FUCK,0,0,0,0,0,0
121488,"Hodl for a few months, tech and clean energy come back",Market rotation to GME,"my cost basis is way before the split, but i'm planning to hold 5+ years, I just think that other companies are more likely to double in that time frame",0,0,0,0,0,0
124134,You think Gme will go back below 140 today? Planning to offload around 155 at opening rise then buy back in at a lower cost basis if it drops lower again. Good plan?,Rolling on Adderall? You've gotta be 10,"Fair. But fuck, I make curries. My house smells like a bucket full of Ganges water half the time.",1,0,0,0,0,0
130620,Fuck me,"Just an old fashion slow motion sector rotation pump n dump with baggies endlessly ""buying the dip"" on stocks trading at 100x multiples. FYI, these can go much lower.

Meanwhile oil is on it's way to $100.",Snap is the biggest joke of a stock. Never has green days and always has the biggest red days,0,0,0,0,0,0
131134,Dividends coming for UWMC,Itâ€™s gotta be soon right? Right......?,visa looks bullish as fuck,0,0,0,0,0,0
132708,I have spy 250p and gme 360c as hedges for market implosion lol,I just noticed that my quotes show open interest but no volume on the normally priced options,"I know, they are legit big brother on some Orwell shit, all you got to do is hold",0,0,0,0,0,0
137875,Bond yields went up all day lmao,"My entire account thats not GME, is all on this DIS shareholders meeting tomorrow",What would you do if Elon was your science partner in high school?,0,0,0,0,0,0
14165,LETS DO IT,Wym?,Letâ€™s get it !! ğŸ”¥ğŸ”¥ğŸ”¥,0,0,0,0,0,0
148739,I'm sure it will spike right at open per usual.,"Apes together have diamond in our hands!!!! ğŸŒˆğŸ»ğŸ‘ğŸ’

AMC is expected to show eps of Q4 earnings on March 10th.

The expected share price i think will be 20$.

AMC had its theaters reopen up in NYC by the governor.

Mark Cuban commented on AMC giving it recognition.",Guess! I'll give you a hint: GME,0,0,0,0,0,0
148848,É´á´á´¡ á´˜ÊŸá´€ÊÉªÉ´É¢: [Rusted Root - Send Me On My ](https://www.youtube.com/watch?v=IGMabBGydC0) â”€â”€â”€â”€â”€â”€â”€â”€â”€âšªâ”€â”€â”€â”€â”€ â—„â—„â €[â–¶](https://www.youtube.com/watch?v=IGMabBGydC0)â €â–ºâ–ºâ € 2:44 / 4:06 â € â”€â”€â”€â—‹ ğŸ”Š á´´á´° âš™ï¸,I got to ask my wifeâ€™s bull first.,"Ipoe merger next month with Sofi, ipof will climb...sofi is fintech play",0,0,0,0,1,0
150084,Cathie Wood is gonna have an amazing redemption ARK,"Tesla stock has always been playing a long game of who will be left bag holding.

Did anyone else laugh when Cathie threw out her $2000 price target?",Bank of America is DED,0,0,0,0,0,0
161007,I want mine deposited right into Fidelity,ğŸ¤”,"Do I still not have enough karma to post?  Or was it a glitch?

Edit: must have been a glitch

Glad to see TSLA back up.  Hope Burry got out ğŸ‘€",0,0,0,0,0,0
167578,That said $45,Here comes Christian Bale from American Psycho with an axe!!,BILI,0,0,0,0,0,0
167710,"Fear not the dip, persist","Grab a drink grab a glass
And after that I grab ur ass",You guy are getting orders filled pre-market? I put a market limit order $10 over ask and for 2 hours nothing.,0,0,0,0,1,0
175034,AAPL prepare for take off,"Hear ye, hear ye, tis a bull trap",20ğŸš€ğŸš€ğŸš€ 30$ ğŸš€ğŸš€ 50$ ğŸš€ğŸš€ğŸš€,0,0,0,0,0,0
178463,"What does that mean? Lol pretend I know nothing


Because it's not really pretend.",PLTR will t-h-r-i-v-e.  Be patient palantards!,"GMEanon's who shit on every stock that isn't GME

thank you for the ""are they retarded"" litmus test.",0,0,0,0,0,0
179511,So happy I loaded up on more last week when it was at $33 - brought my AVG down to a good one.,U mean the dead cat bounce?,Username checks out,0,0,0,0,0,0
186710,"Nah, we good fam",Ladder attacks on the entire market :(,There are probably people out there that bought the peak of GME both times. Got to hurt.,0,0,0,0,0,0
188291,"#HOLY MOLY!!


*I am a bot, and this action was performed automatically. Please [contact the moderators of this subreddit](/message/compose/?to=/r/wallstreetbets) if you have any questions or concerns.*",They really think ğŸ¦are too dumb to notice that the GME and AMC drops are at exactly the same? Like weâ€™re all in here you dumbfucks.,I feel like I just railed coke then laid down to sleep. So much going on rn AUGHGHFHFHF,0,0,0,0,1,0
188666,3 GME 3/19 800c is such a retarded play that it might just work,bid ask is 64.5/65.5 right now.,It depends on the percentage,0,0,0,0,0,0
198776,"In the UK we donâ€™t have the stimulus checks to throw, but I sure have a credit card and fat overdraft",You forgot to tell us what your mom did?,If your an ameture developer its your way into the gaming dev world truthfully. It has so much scalability.,0,0,0,0,1,0
199229,"[https://www.youtube.com/watch?v=4AxomLE\_3Xk&ab\_channel=AndrewMoMoney](https://www.youtube.com/watch?v=4AxomLE_3Xk&ab_channel=AndrewMoMoney)

I took that from Trey talking in this vid, i admit i havent seen it personally let me know if you find somewhere else that confirms","US market closes at 10pm for us, pretty sure most apes stay up till then.","i havenâ€™t bought roblox, but i remember reading that after summer 2020 earnings were up 30%, and the fact they went public means they probably expect bigger gains",0,0,0,0,0,0
200105,Sell your puts to buy at the dip,at least $75,Algorithm trading I heard.,0,0,0,0,0,0
211361,I noticed the cock and ball formation on the monthly chart the other day. Good call bro.,GME falling gives me no pleasure. GME falling while hordes of apes are yelling HOLD!!!! and buy more! is extremely funny.,You haven't been here long have you.  Bless your heart,0,0,0,0,0,0
213717,MY STIMMY HURT (OOOH) MY STIMMY HURT (YUH) MY STIMMY HURT (OOOH) MY STIMMY HURT (YUH),F that. Waiting since 2/17,Infinite money cheat code,1,0,0,1,1,0
215853,"Anyone has any price tags for weed stocks, im new here. 420420",OKAY NOW FAST SOMEBODY RING THE BELL SO THAT WE STAY GREEN,For fucking real,0,0,0,0,0,0
217580,Jeffrey ainâ€™t dead,"slainte  grab a beer or ten today, gonna be a wild ride",Need to add a â€œmuthafuckinâ€ in between some and money.,0,0,0,0,0,0
218764,I'll check back with in 10 hrs,Straddles?,MY BILLS CAN WAIT!!!!!,0,0,0,0,0,0
221137,É´á´á´¡ á´˜ÊŸá´€ÊÉªÉ´É¢: [Kesha - Die Young (Lyrics)  ](https://www.youtube.com/watch?v=5EBALIhQ0Tg) â”€â”€â”€â”€â”€â”€â”€â”€â”€âšªâ”€â”€â”€â”€â”€ â—„â—„â €[â–¶](https://www.youtube.com/watch?v=5EBALIhQ0Tg)â €â–ºâ–ºâ € 2:22 / 3:34 â € â”€â”€â”€â—‹ ğŸ”Š á´´á´° âš™ï¸,"Yes a need to look into that.  By the way, I remember you told me you loved me two days ago.  Thanks for that",Brother ! at last !,0,0,0,0,0,0
221550,You pay 12k for the shares plus 3k for the contract so your overall cost is 15k when you exercise,"Well, looks like we might have to do actual work at the tendie mines today. Free money mode on pause for a day.",Thanks for the info. I edited the list!,0,0,0,0,0,0
222526,what is a toy company,"Join us brother.

Texas also just reopened fully and stimulus checks are set to hit direct deposit soon.",During the last dip? You mean a week ago?,0,0,0,0,0,0
224527,Gimmee that sweet confirmation biasğŸ¤ğŸš€,"Lol oh no please, not another dip ğŸ˜‚","I have been rocking QQQ 325 4/16

To Valhalla we go, brother!",0,0,0,0,0,0
225611,Holy shit... 10Yr is mooning...,Started off so strong this morning too,"Paramount+

Same streaming service shit is happening with DISCA, DIS, AMCX.",0,0,0,0,0,0
229498,"Bought 50 more, 450 total now",Yup,$APPS with the fuckin parabolic booyah,0,0,0,0,0,0
233050,I mean what's your strike? You still have a week.,"My mom said I was the most handsome guy in the world.

I didn't even know it, sorry to brag to you boys but had to tell someone.",Taxes and Stimmy?! Oh next week is going to be fun in this house. Wife and I both play but with different picks.,0,0,0,0,0,0
234504,Fuckin jinxed it,No shit. Got fucking diamond bags over here,Looks like it's just the 1 guy. Welp grab a shovel,0,0,0,0,1,0
235312,I wish I had bought more in the $90 range. Trump literally said we can't let Boeing fail.,I hope that retard that dropped 90k on 1DTE GME FDs closed out before losing everything.,CPNG IPO'd just so they could unload their heavy bags on retail,1,0,1,0,1,0
244657,Squares strength relative to the rest of the market and tech is crazy,apes together stronk,ffs you guys need an AMC thread jeebus,0,0,0,0,0,0
245063,Shuffling options?,Always now letâ€™s keep going! ğŸ˜,Lol you stole my money,0,0,0,0,0,0
251790,Chill Iâ€™m trying to double down,My man,"Put of those, PLTR if you don't want a quick win",0,0,0,0,0,0
252870,[https://newsfilter.io/a/d5252aab52e2037811259db9e4a870d0](https://newsfilter.io/a/d5252aab52e2037811259db9e4a870d0),"There's no reason it can't recover at least 35% of the 50% in cap value it lost.

There was literally no reason for the drop.  It just got hit harder than most in the recent correction because it's a growth play.",You can see level 2 data for stocks if you have gold idk about level 2 data for options donâ€™t know that it exists,0,0,0,0,0,0
256825,"You, for one, do not belong here.

Ban",Yes new CEO seems to be a turnover person,Itâ€™s dead and on the way down. But maybe too slowly for puts gang to enjoy IV.,0,0,0,1,0,0
257461,Why the down vote,People are buying it for a squeeze cause it is shorted," ğŸ’ğŸ¤²

 ğŸ’ğŸ¤²

 ğŸ’ğŸ¤²

 ğŸ’ğŸ¤²",0,0,0,0,0,0
259334,The 17th is what I hear. Which also happends to be the 3rd Wednesday of the month and when a ton of people get other federal benefits ğŸ¤”,"Patrollin n tryna catch me stonkin dirty

Tryna catch me stonkin dirty",I feel personally attacked,0,0,0,0,0,0
262038,Has someone produced the porn parody yet?,whats your DD?,A crash is just ahead of us......into the ceiling.,0,0,0,0,1,0
267221,My teeth shattered from the cringe,Bruh the breakeven for my Jan 2023 calls is $143 lmao.,Josh is on ğŸ”¥lol,0,0,0,0,0,0
26731,"Trailing Stop Loss (%)

or Trailing Stop Limit (%)",spy is not having a good day.,AMD puts every morning for the last month could have made me rich,0,0,0,0,0,0
26953,itâ€™s because gme is shooting up,"Sometimes NASDAQ decides on no news to have the worst day in 4 months.

Totally normal

I get down, but off a cliff without rhyme or reason?  No",Shut up retard this shit is easy donâ€™t act like it isnâ€™t,0,0,0,0,0,0
27027,RIOT dead or worth buying on the dip?,"this is the time to test how much determination we have. we have to try to think weeks out, assuming u don't got FDs.

this is the MM's way to get back at retail for thinking crap is on easy mode.",can you all short squeeze my pp?,0,0,0,0,1,0
272764,Wtf are you going on about? Itâ€™s still dipping,Dare i even say power hour? ğŸ™ˆ,My wife's boyfriend will NOT be getting any ranch dipping sauce.,0,0,0,0,0,0
282799,Stimmy rise. stimmy rise.,Puts after a 6 dollar drop. Nice,"Dude, same here. I keep a bag of sour patch kids in the pantry at all times.",0,0,0,0,0,0
285265,Iâ€™ll be broke if nÃ©e doesnâ€™t and maybe broke if he does. At least Iâ€™m getting work done today,"money burning trash just like fcel. But could easily have a v-shaped recovery when market bounces back anyway. But bad fundamentals, wouldn't hold it as an investment.","I think we just need a good old fashion 2008 recession to clear out all the weaklings. Too many zombie companies, scams, and garbage firms propped up by the FED and stimmy.",0,0,0,0,0,0
285316,But when do they start buying again?,Apple is summoning all the bears.,What strike?,0,0,0,0,0,0
286792,what do i buy,WHEREâ€™S BURRY,"That was most of the run up this summerr but even stretching back to 2019 when FAANG went up a ridiculous 40% in a year despite having a market cap of most the nasdaq composite. Then the post election cycle has been the speculative run up.

Imagine if the dems actually tried to break up these companies when they're the bedrock right now? Fucking anarchy on the wall streets",0,0,0,0,0,0
288353,Thanks,Friday,Am scared,0,0,0,0,0,0
288636,Was it you...?,maybe too early? not gonna retry?,Man as long as we donâ€™t drop under 23 again Iâ€™m ok with a steady climb,0,0,0,0,0,0
291836,HEHEHE not yet,"Jpow: inflation gonna happen but donâ€™t worry wonâ€™t last lol

Yeah sure",Public mission ğŸ˜,0,0,0,0,0,0
297420,You pulled 16% SI straight out your bung hole bro,Next stimmy check should be GME stocks..,"didnâ€™t ask, go to your timeout thread

blocked cause youâ€™re a waste of time",0,0,0,0,0,0
298642,Same was so close to selling yesterday too,Inflation expectations from the jpow infinate money glitch and the stimuluses (stimulusi?),Moon?,0,0,0,0,0,0
299053,"I was a fool and listened to them once, so i have to just spread my hate whenever they are mentioned.",It's weird when GME looks stable pre market,Damn jobless claims are a steaming pile of shit.,0,0,0,0,0,0
301169,cash trap,There are three VW tickers. Which one is the right one?,Been trying to tell you all about UWMC! Itâ€™s not too late!!,0,0,0,0,0,0
301439,"Lmao I got mini guhâ€™ed on my spy calls at open.
3/19 398c instantly down 72%",Amd ouch,I see red.,0,0,0,0,0,0
304264,"Who tf controls the bond price????
Like bro just make the numbers lower lmfaoo?",Don't forget to grab JPM shares or calls. It was the easiest trade this morning. Grabbed calls at the open and JPM has done nothing by gone up.,Domestic terrorism. Pure evil,0,0,0,0,0,0
304342,Can GME just die already. This has gone on long enough,Thanks dood,That is correct. As the vaccine starts to get more and more distributed and people are finally starting to be able to go out more AMC will be making a pretty strong rebound once people get more relaxed with being indoors. AMC is poised to corner the niche of indoor entertainment in the upcoming months because there's not a lot of competition. Stack that with the fact AMC is likely to revamp their old tactics with new promos and events that they didn't have before.,0,0,0,0,0,0
304346,I agree with the Fed. Stick built houses are crap not worth what was paid anyway. And the country is fat as a cow. Food is plentiful.,I legit think SQ will be worth 5k a share in a few years and I cant stop buying at these prices,YES $UPST KEEP GOING,0,0,0,0,0,0
306740,"Get in the RIOT ğŸš€ rocket, she's getting ready to launch","Itâ€™s my biggest holding and I still donâ€™t know what they do.

Emperors of the revolution by 2060 maybe",BFLY,0,0,0,0,0,0
307178,what does it take to catch something like that so early?,Another sike,Spy $397 fdâ€™s.,0,0,0,0,0,0
310624,I got them at good price but donâ€™t worry they about to print big just wait for profit taking,ugh spy loves to tease,Innit lad wouldnâ€™t of minded some of them 100% gainsğŸ¤£,0,0,0,0,0,0
311151,My portfolio going from 2k to 0 is not a meme,Did the stock market ever make sense?,"GUYS TECH WON'T FALL ANY FURTHER THIS IS 2021 NOT 2001, BACK THEN THEY DIDN'T HAVE ANY CONCEPT ABOUT SAVING THE ECONOMY THROUGH MONETARY STIMULUS WE'RE A MUCH MORE DEVELOPED WORLD NOW",0,0,0,0,0,0
31187,how much do you think it costs to live in thailand?,SNDL,"hope the markets keep dropping, this will weed out all the tik tok investsors who ruined the market and give everyone else good buy opportunities, rest of 2021 should be good",0,0,0,0,0,0
315075,The gay is strong with this market,I never really liked money anyway.,He told me heâ€™s been monitoring your portfolio very closely and intends on making you a very rich man,0,0,0,0,0,0
316970,RisquÃ©,Or an organic correction because the market is way overpriced?? Simpletons,Wasnâ€™t it 400k?,0,0,0,1,0,0
317782,What ticker is it on?,You can not convince me that the people posting UWMC as a play arenâ€™t just bagholders who bought March 3rd at open for $12 and are now down 40% ğŸ¤”,"Democrats introduced bill yesterday for .1% tax for every stock trade.

Now they are trying to remove the filibuster.  ğŸ™„


https://finance.yahoo.com/amphtml/news/risky-trading-targeted-democrat-proposal-185632696.html",0,0,0,0,0,0
318357,"This is sad ğŸ˜¥ you okay ğŸ‘Œ bro?

You tryna feel.better about blowing your dad's barmitvah money still saved from 1965 or something?",This is the way,Ready to buy more GME today!! Averaging UP! Lets GO ğŸ™ŒğŸ’,0,0,0,0,0,0
31896,ğŸ‡¨ğŸ‡³ ğŸ» everywhere,Never,Tesla ğŸš€ğŸ˜³,0,0,0,0,0,0
319955,All these tards playing options just to go broke?,After we crash the market today we ll take our GME gains and buy the fucking dip.,Boomer computer,0,0,0,0,1,0
32449,Agreed but I bought them yesterday ğŸ˜©,We're all one senate covid relief bill failed vote (couch Joe Manchin cough) from getting ass fucked,RISE $BB YOUâ€™VE BROKE MY HEART ENOUGH,0,0,0,0,1,0
325826,$50.00,Okay. I sold and went all in on PLTR. Hope its not the top.  How do you do my fellow palantards.,Yeah but was there at least a chance for your calls to hit if we were green today? This guy bought strike prices so far out that even a major scandal wouldn't bring the stocks down to where he needs them to be. It was legitimately retarded.,0,0,0,0,0,0
327480,Keynes I love ya buddy but take your little solvency taunt and shove it up your ass ğŸ¥² l e t I t d I e,Sheâ€™s going down,yeah aapl not finishing above 120 today. way to many open interests for 120 calls.,0,0,0,0,0,0
328631,It SURE is.  But comments like yours keep me coming back...even without getting any advice.,"10 $27c 3/19  abusive relationship, that I am too stubborn to let go of",A mini bull trap inside of a bear trap.,0,0,0,0,0,0
329565,Rip in peace,My whole watchlist is green lights,If any whales out there were poised to buy millions of shares of GNUS -- NOW'S THE TIME BABY BOY.,0,0,0,0,0,0
338508,What do you mean by listed? Isn't the ticker available to buy on the nyse?,I hate it because I really do like RKT in-spite of its WSB meme status. The second it hit $30 I sold and have re-entered in the 23-25 range but itâ€™s going to be a long hold now before it gets back to $40.,Pour one out for the retards who sold the bottom last week,0,0,0,0,0,0
340969,If we can get industrials going a little right now we would be so green right now,I got April 16 calls 90c. Average is 1.92 lol,I will never trust futures or pre market again. YOUVE LOST THAT PRIVILEGE,0,0,0,0,0,0
342273,well wrong move for TSLA to kiss China's ass,The other people say it's a bear trap.  I'm not sure who to believe...,"tHiS pUmP iS fAKe

-	Bear who just lost 50% of his portfolio",0,0,0,0,0,0
344856,Tech pulls back and PLTR jumps off the cliff -5%,Now that I think about Roblox is worth more than EA,No itâ€™s Lt,0,0,0,0,0,0
347615,Stop oppressing us Aphrian Americans,Is,Just because you fucked up your options doesn't mean it's not a good play for shareholders and long-term investment,0,0,0,0,0,0
36160,it's went down so quickly ğŸ¥´ğŸ¥´,Feeling like more AMC should I?,What happens at 2:40?,0,0,0,0,0,0
363151,Not self-actualized. They need the affirmation of others to feel good about themselves.,"I did not give consent to get fucked today, someone call my mom to pick me up, I don't like it here.",Food stamps or brand new deal In Wendys 2for3.99,0,0,0,0,1,0
369058,Lmaoo so true,">DLPN

100M market cap

edit:updated for the gainzz

What is this a stockmarket for ants?",iwm puts keeping me alive. ouch.,0,0,0,0,0,0
369398,U shaped recovery,k socks on though bro,ğŸ¥²,0,0,0,0,0,0
373482,"LOOOOOL, fantastic reply.",Averaging down,theyre all selling your order flow hth,0,0,0,0,0,0
38794,pls,This is the way,You should. The rest of the market is complete crap anyways.,0,0,0,0,0,0
390491,"Me: Oooh, TME looks like a good investment. They've had consistent growth and are making deals with big music companies across the world

China: YOU THOUGHT",Everything hurts,Iâ€™m sorry bulls Iâ€™ve turned to puts and might I say it is very profitable right now. I will convert back soon enough but in the meantime I am a bear. ğŸ§,0,0,0,0,0,0
391451,WHAT THE FUCKKKKKKKKK,which stock you own but you just hope it dies hard?,Honest to God I should have just bought Brk.b all in at $166 when I had the chance a year ago,0,0,0,0,0,0
399116,i love how exaggerated the cahrts on marketwatch look on the top left.,ğŸ¤ª,What foreign stocks do you own?,0,0,0,0,0,0
4001,"Giant waste of time but fascinating to watch, I would never put any capital up on GME",#gme thread please. Thatâ€™s all that matters right now.,"GME is at $170, what did you mad bastards do!",0,0,0,0,0,0
400945,Alexa you fucking idiot,"just bought another micro futures contract. we're probably going to tank from here, sorry","I am balls deep on futures contracts bought with protective puts. Funny thing is, if this market keeps on dropping I may end up making money again. Crazy.",0,0,0,0,0,0
401855,Huge ship stuck in Suez...  That's what she said.,I dont even like to leave my house because in most social situations itâ€™s frowned upon to be constantly checking your phone,Why does TSLA hate me,0,0,0,0,0,0
406404,Make it 135,It's like metals except more gooey.,AMC to the ğŸš½,0,0,0,0,0,0
408298,"My 8.5p are tomorrow haha they were cheap, so I don't care, but I was up 300% at close yesterday and this morning","If you're not buying the fuck out of this dip, don't you dare pipe up in a few months time complaining that you didn't buy the dip and now stocks are at new all time highs ğŸ˜¤",Bull trap ğŸ¤¦,1,1,0,1,1,0
424859,Put a lock on the cabinets ğŸ˜‚,No green chasdaq futes please. It needs to stay red if we want to rip today,who else refuses to set a limit sell because greed is stronger than reason ğŸ™‹ğŸ½â€â™‚ï¸,0,0,0,0,0,0
427063,$CUBE babeeeeeee!,Why are you going long GME?,#DIENIODIE,0,0,0,0,0,0
43005,This all happened because I sold my SPY puts this morning ffs,180? You paper hands really wanna peak at 180?,"Sold 300 shares, fuck this",0,0,0,0,0,0
43169,Guys help me,It is going down.,Where do u place ur limit sell for AMC?,0,0,0,0,0,0
432464,"They want you poor and obedient, this is a fkn set up, rigged market, you have been warned by the best.",SUCK MY BULL COCK,Just call em.,0,0,0,0,1,0
434648,You spelled buying wrong,"https://twitter.com/DeItaone/status/1375509379634487308?s=20

 \*DISCOVERY BLOCK OF 20M CLASS A SHARES IS SAID OFFERED [$DISCA](https://twitter.com/search?q=%24DISCA&src=cashtag_click)",People really out here buying Chinese stocks when theyâ€™re at risk of being de listed then wondering why they lose 20% per day... smh,0,0,0,0,0,0
437381,Drop those AMC put strikes/expirations for close â¬‡ï¸,"A 10-day burn. Smells like a bear trap.

Hmm.",YESSS TSLA PUTS WOOOOOOOOOOO,0,0,0,0,0,0
439224,I have some hope then loll,My calls at TSLA 600 definitely printed strong ğŸ¤© now gimme a green Monday.,Where are my SPY kings at?,0,0,0,0,0,0
440555,Tsla got downgraded by Jeffries to 700 from 775,"Things were a lot worse earlier in the overnight session, when Nomura and Credit Suisse cautioned of big losses tied to Archegos Capital, a hedge fund unwinding a series of block trades. Those concerns appear to have faded. The Nikkei, which was seeing most of the selling earlier, is actually positive for the day, up 0.7%.

I talk a lot about unexpected events that can upend the big picture. Covid was one such event. It appears unlikely at this point that this is another.

That leaves us with another slow week. The Suez situation appears to be headed to a resolution. Itâ€™s a holiday-shortened week due to Good Friday, though non-farm payrolls will be released on Friday anyway and the bond market is open for half of the day. But non-farms have been kind of meh lately and many investors say the weekly jobless claims are a better gauge of the employment picture.

One thing to look to is this Biden infrastructure plan and accompanying stimulus package (yes, another one). That will be announced on Wednesday. It will apparently be paid for by tax increases on businesses and the wealthy, which may not be greeted well by the market.

Other than that the constructive outlook for buying risk assets remains intact.",Timber is the new play....LEAPS calls,0,0,0,0,0,0
445769,Looks like Iâ€™m waiting till Friday to buy anything again,L shaped recovery,ğŸ˜‚,0,0,0,0,0,0
445823,I was hoping the infrastructure bill run up would start today too,Isn't Suez boat getting un-stuck GOOD for oil? Why is APA diving again ffs.,he timed out last week I believe.. on the bread line probably,0,0,0,0,1,0
449138,TSLA please commence your ride down 600 ...I got some puts riding on you,"Sir this was the move about 10
Minutes after open",looking at XLF... but its barely even a dip right now.,0,0,0,0,0,0
461434,Yay APHA,"At this point might as well buy XYZ puts.
Fucking hell.",Deflation is 100x the risk of inflation right now,0,0,0,0,1,0
4627,#FUCK THE SUIT BOTS ğŸ¤–ğŸ†ğŸ’âœ‹,"So I paid a $25 fee to wait, nice",NOK trash,0,0,0,0,0,0
464696,What are your opinions on ViacomCBS? Is it a buy after the major hedge fund sell off? Thinking of investing a big chunk of my portfolio with the hopes of a recovery over the next few days/weeks,Retarded question but is the 10 year yield rising directly due to the fed pulling back on bond buying?,donâ€™t deny tesla man,0,0,0,0,1,0
465909,I hope it doesnâ€™t I want accumulate the 9% div,hope TSLA has one of those random 20% rips today,TD Ameritrade emails me every day at 5:00am. The first person I communicate with every morning is my broker. That's love.,0,0,0,0,0,0
470319,Nope..looks like theres more room ğŸ¤£,https://www.marketwatch.com/story/viacom-stock-on-track-to-snap-losing-streak-as-analyst-says-risks-remain-well-known-11617122902?siteid=yhoof2&yptr=yahoo,senpai,0,0,0,0,0,0
474983,My accountant asked me to sit with a financial advisor after looking at my 1099 and asking how I lost 50k in the fastest bull market in history. I responded with I learned not to buy SPY 200p,Definitely gonna yolo $GSX tech,Isnâ€™t it great to be a friend.,0,0,0,0,0,0
477354,Mama Cathy!!!,Viac drilinnnnnnnnn,Agreed.,0,0,0,0,0,0
48115,Holding RKT and UWMC to get those gainz. Eyeing DM as my next  ğŸ¯but need to do more DD and am holding my position through at least the day.,Going to open near 700 again. 800 eow if stimulus news holds the green wave,"People need to find purpose in life, everyone wants to be a hero, ya know. I'm here to make money tho",0,0,0,0,0,0
482174,Yeah except they are a 10 bagger now. F,Go chargepoint go!!,Rug pull please. My puts need it.,0,0,0,0,0,0
483820,Why is GNUS tanking? They had positive news,PM me,19 million people still collecting unemployment benefits right now btw,0,0,0,0,0,0
485032,Bags getting unnoticeably lighter,28% was the markets expectation.,lmao shit dawg I couldn't even find the time by googling.,0,0,0,0,0,0
488743,"legit nobody ever told me, i'm just assuming at this point",Listening to earnings call?,You did good,0,0,0,0,0,0
489787,ROTATION INTO MY ASSHOLE,Looks like the 10:30 dip is going to be making a comeback today...might close breakeven or a little higher than where we opened,Solid dog $hit. End to end.,0,0,0,0,0,0
492891,Time for an earnings run up ğŸ­,"AMC CEO playing a little April Fools Day prank on his investors. Classic. Right?

Please say sike",damn.. CRWD and PDD calls printing $$$,0,0,0,0,0,0
493832,"The moment palantit decides to stay green on day 2, Daddy Karp tickles my anus and tests my patience",AHHH SPYYYYYYY,Paaamp eeet,0,0,0,0,0,0
49671,"UWMC

I looked at a chart and the high and lows spelled MOON.",Wait for $24 or under.,kilo-meters per hour ?,0,0,0,0,0,0
497027,I don't know what the fuck happened  but I was making money all week and today I am loosing my ass,1pm pst,I have to better about selling shit. COUR dropped 15 fucking percent and Iâ€™m so mad I didnâ€™t sell when it was up 22%,0,0,0,0,0,0
499632,"$UCO broke resistance of $56, buy calls",Lol that's funny shit.,What you talkin bout willis!? ğŸ˜‚ğŸ¤£,0,0,0,0,1,0
500979,6.85 million hulk cocks in one minute. Biggest I've seen in a bit,"Dang, hope I didn't jinx you.  If so, apologies.",Its trash,0,0,0,0,0,0
502104,This is the Thursday we needed. LFG,You havenâ€™t lived until youâ€™ve seen a circuit breaker,VIAC not recovering whatsoever after a 30% drop goes to show what some of these stocks are propped up on. Either that or this is just a to be continued situation,0,0,0,0,0,0
50263,Guhh futures im fucked against,"UWMC !!

\-> GOOD CHOICE!",bots and you are bot,0,0,0,0,0,0
504156,"Itâ€™s okay amd you can rest now, you did good bb","Guys, remind me that when volatility is this low to never try to sell premium.

Protip: $VXX/$UVXY puts are totally free rn and on demo mode.

Enjoy yourselves (literally) to all the degens that gave up faps for Lent.","â€œIf a stock hits 400 it necessarily goes to 420, for memes.â€ â€” Warren Buffet",0,0,0,0,0,0
508100,"They're an almost two decade old company that has never booked a profit, partnership is code word for fluff, and government contracts of 90 million never move anybody's needle. Also throwing money at an air taxi company doesn't exactly scream we know how to spend money smartly.

It's called perspective.",Bought spy puts way too early it seems ğŸ‘€,T-28 minutes till Bear Gang bang,0,0,0,0,0,0
515537,Bout tree hunnuh fiddy,An unseen force guides my thumb as I purchase SPY 420 calls for 4/21... I hear a laugh from beyond the ether. What does it will?,whereâ€™s the dude who said heâ€™s putting his last 1.2k in QQQ puts once it hit +2%?,0,0,0,0,0,0
517547,Get them for 5/21 or later. I think they announce whether the vote passed to dilute shares on 5/4.,I hope you make it back dawg good luck ğŸ€,ğŸ‘,0,0,0,0,0,0
517598,Why not get more money,ASO ain't done yet.,$1855 later I am starting to reconsider if $5 is really just $5...,0,0,0,0,0,0
521270,Plus she kinda hot,This will be the Iâ€™m holding for 2021,"Feeling cute.

Might start an EV company similar to nkla.

Not actually make any cars or anything just some renders, as I long as I make the ticker $MEME **Iâ€™m a guaranteed billionaire**",0,0,0,0,0,0
525243,"Damn 410s?
I dont know man
Dont think its going to happen man",Spy 420c EOM,???,0,0,0,0,0,0
527738,"Yeah! Lets buy something up 1000%! Very smart ;)
(Said the same thing at +400% tho, so don't listen to me).",The bag is getting heavy.,I'll be dead in 25 years.  Let's make these tendies now.,0,0,0,0,0,0
528806,idk but I bought and plan to buy more if it continues below 20,"ğŸ»ğŸ»ğŸ»

Bear World Order","$UXIN, you're breaking my heart",0,0,0,0,0,0
532332,both sides it is,"Any other Canadians use Interactive Brokers for options? Questrade literally isn't viable for options, fees are absolutely ridiculous.",All good may tendies be with you kind sir,0,0,0,0,0,0
534539,"Romeo romeo, wherefore art thou romeo",Youâ€™re not wrong good I am the fool for watching them,"On my penny stock shit. Up 25% premarket

In other news, SPY 400 incoming",0,0,0,0,0,0
535530,Because they are lethal to some cuck out there and that makes it taste better,"Welp, I just got informed that I have a syrinx; some sort of cyst inside my *spinal canal*.

Great way to start the day.",DD~Microsoft = small flaccid,0,0,0,0,0,0
538601,Def not for a long time though.,I thought weed stonks were supposed to go Brrrrrr.,Doesn't growth imply a product ppl are buying/need? U sound like a fucking idiot. Just post your boomer tickers and stfu,0,0,0,0,0,0
542104,"Well,given that more humans die daily than dogs, it is what it is.",holding these fat FUBO bags till Q4 is a living hell,hope it pays well,0,0,0,0,0,0
544531,"Any thoughts on $OUST?

Crazy volume today",I got a rule violation warning for promoting hate because I called SPY fake and gay.,26 by April 16,0,0,1,0,0,0
545067,Now,All my May calls took a beating except for SNAP.,lmao,0,0,0,0,0,0
546265,Take it back,We are no longer in easy mode.,Exactly 1/3 faultless,0,0,0,0,0,0
551166,and what about when your watchlist is red in the pre market?,"Iâ€™ll buy when it hits 12, how about that, eh?",Yessir. Mostly puts like this morning but rode it up to 3300 yesterday,0,0,0,0,0,0
553185,Yeah shut that mf up,Cool - Iâ€™m in ğŸ˜ŠğŸ‘,When does the JPow drill session usually start?,0,0,0,0,0,0
555772,\-Or when you go homeless,If youâ€™re gonna throw money away just give it to me,been waiting for a healthy dip on SPY to buy in again. my balls are aching,0,0,0,0,0,0
556132,broke before today but could hold this time,**FIRE SALE?!?!**,Thank u for picking a side RKT. Wrong one tho ğŸ˜”,0,0,0,0,0,0
556230,"you had? did you sell? told you to wait, looking better already",Look at a 3 year chart.  Bounce between 16-27 over and over,Hold me  spy 5/21 390p or take a 40% loss lmao ğŸ¤”ğŸ¤”,0,0,0,0,0,0
562441,I have been holding a small amount of APHA for a while. Bought into TLRY again and stop loss triggered within 2 trading days.,Hedge*,Man AMD alwaaaaaays opens low what is with that,0,0,0,0,0,0
563037,Orcl fighting so hard to stay green,Tsla wrong way !,"NOK, I see ya wiggling.",0,0,0,0,0,0
565658,Iâ€™m thinking about 225c 04/23,Tech bagholder?,"When I feel the need to buy puts, I watch the big short and then decide if itâ€™s time",0,0,0,0,0,0
565698,spy only go up,Apple eod predictions?,SRNE,0,0,0,0,0,0
566085,Cmon Timothy Apple show these other stocks whose boss,"*POWELL TO APPEAR ON 60 MINUTES SUNDAY NIGHT

And hes speaking next Weds.

Dont go full retard today apes.","You missed that train by about a week, nice job",0,0,1,0,1,0
57332,So many paper handed pussies in here,NGL I'm all for this,"Yet here you are, your point is?",0,0,0,0,0,0
573551,"About to claim 1billion inheritance from Nigerian prince, just need to pay $500 dollars first. Don't need to invest in these risky stocks from now","PLTR probably going to melt up slowly until event on Wednesday

Itâ€™ll be either a sell the hype or hype continues for a few days

Probably safest for anyone wanting to get in now on either longer dated calls or shares

Either way this shit is going up soon ğŸš€",BLIND FURYYYYYYYY,0,0,0,0,1,0
578776,Made an account on s3. Looks like shorts increased their position on ASO friday. Bastards.,Maybe pltr needs a fine too?,Damn RIP CHPT,0,0,0,0,0,0
579150,they're called positions because they're what you use to get fucked,Why would you think that?,"What's the difference between PLTR and a massive gay dude fucking you in with ass with an unlubricated tree stump?

Answer: >!Nothing!!<",0,0,0,0,0,0
57966,Is FUBO not a good buy at this discount?,am i the only one who thinks building echo chambers around stocks is a terrible idea for the longterm health of this sub?,bull never lern!,0,0,0,0,0,0
579707,That's true across the board in life. Watch Bruster's Millions though.,no worries just wait until the Air Force contracts them for sky net and it becomes self aware.,Someone buy puts to send us green,0,0,0,0,0,0
583609,"I love the news TD Ameritrade shows on why a stock is moving.

GME is down 8% because an analyst moved their price target from $12 to $10.....


Yeah of course that is what made people sell.",Yah I fucked up bad. Holy shit. 40% of my port gone in 3 hrs,AAPL is being so annoying,0,0,0,0,1,0
585659,definitely dont open your portfolio until 4/20,Who knew this would be the week gme finally dies,10x0=0 he ainâ€™t *wrong*,0,0,0,0,0,0
58635,No one told you to buy anything,I didn't even see that!  I feel better now.  At least I'll get a few cents at some point :),Lmao ğŸ˜†,0,0,0,0,0,0
587883,"I doubt it, unless they have some huge deal to announce.",I'm all Guh'd out brother,Spy 420c 4/21,0,0,0,0,0,0
595015,Truth ğŸ˜ except Iâ€™m losing money today,yep im gonna get fucked,Last shot to get 2-3% dividend yields,0,0,0,0,1,0
601560,this is insanely awesome. everything is going platinum jaysussss,I sell everyday it gains,"PLTR above cost basis and out of the dog house. All eyes on you now, FUBO, you piece of shit.",0,0,0,0,0,0
605332,"Message says: ""COIN has been halted from trading""....shit didn't even drop yet. Dafuq?",Need something big or Fridays calls go bye bye,"Itâ€™s crazy how everyone was going on about the death of growth tech stocks and C Wood and how quiet everyone is when they realized consolidations happen in the markets all the time.

I guess if you keep predicting the next recession sooner or later youâ€™ll be right.",0,0,0,0,0,0
609597,"Lmao, price target increased to $5.74 from $4.83!!!!!!!","Correct, but ORTEX is showing similar numbers, and the fee to borrow is accurate",GME somehow still hovering at ~140,0,0,0,0,0,0
610901,"What I don't get with you Gibbons is why you get all excited when it ""flies"".  You never sell, anyways, so all of these ""gains"" are just on paper and never real.","True that! Iâ€™m just so afraid of dropping 1k on an option call lol never done that much before, most Iâ€™ve dropped is like $400. But it does seem like a no brainer, like why wouldnâ€™t it print at that rate? Thatâ€™s a good position.",hope the tendies man will come for us lmao,0,0,0,0,0,0
613683,Looks like COIN is going to level off around $400?,Buying the dip on everything else while COIN creates new bagholders lol,Why did GME change its ticker to COIN?,0,0,0,0,0,0
614516,"I almost FOMOâ€™d into COIN at the top. Iâ€™ll take credit for the great decision to cancel, but Iâ€™m sure the good judgement will quickly be overridden by other choices I make today.",???,pltr calls at close and selling at open is free money on these red days,0,0,0,0,0,0
616242,Cocaine and cocaine accessories,"$COIN actually crashed the whole market. And $GME goes up when everything else goes down.

Love this market it's just so chaotic","Bought at $420 and sold at $350, buying again at $200",0,0,0,0,0,0
62227,Stop loss is key,everything is dead,BMBL BMBL BMBL BMBL BMBL BMBL BMBL BMBL BMBL BMBL BMBL BMBL BMBL BMBL BMBL BMBL BMBL BMBL BMBL BMBL BMBL BMBL BMBL BMBL,0,0,0,0,0,0
66411,bot,FBIO!!,I keep seeing all these UMWC moon posts. Am I looking at a different UMWC...,0,0,0,0,0,0
68968,Todayâ€™s just an all-around slaughter.,I'm not the only one. Ok. I get to excited. Gotta start waiting until lunch time. Down 150 on it as of now.  Smdh.,This market is literal dogshit remember when futures were green good times lololol,0,0,0,0,0,0
70491,BMBL BMBL BMBL BMBL BMBL BMBL BMBL BMBL BMBL BMBL BMBL BMBL BMBL BMBL BMBL BMBL BMBL BMBL BMBL BMBL BMBL BMBL BMBL BMBL BMBL BMBL BMBL BMBL BMBL BMBL BMBL BMBL BMBL BMBL BMBL BMBL BMBL BMBL BMBL BMBLğŸš€ğŸš€ğŸš€ğŸš€ğŸš€ğŸŒ•ğŸŒ•ğŸŒ•ğŸŒ•ğŸŒ•,What broker let you short,I have a RKT $30p for 3/5 that I bought for $138 about an hour ago when the price of RKT was $34. Iâ€™ve already reached my day trade limit and this is my first ever contract idk what the fuck to do,0,0,0,0,0,0
71018,Zoom Tesla doubling down,"https://www.thestreet.com/investing/uwm-shares-jump-named-to-russell-1000-russell-3000

plus todays volume and volatility versus yesterday, relatively cheap calls still, and the price will only bleed up til we get to the march 21st date those indexes are released.

Right now its kerosene waiting for the match",Day traders are taking profit,0,0,0,0,0,0
73375,We got cheated by having no MEGATHREAD for UWMC,FUAC,The infamous drill team 6 is hereğŸ’€,0,0,0,0,1,0
75177,Switching to all puts. This market is going to keep falling.,"There was always a pump though, remember PRPL? Lmao.

It just didn't dominate the daily discussion and make this place a shit show like it does now.

The thing that really annoys me is that is an options sub, yet now I would bet the majority of the sub only have shares.",Donâ€™t worry about losing money in stocks. Us poors were never gonna retire anyways so nothings changed,0,0,0,0,1,0
75801,Absolutely rocking puts,Tim Apple you bitch gimme my money back,Agreed lmao if not people just spam the shit out of it and itâ€™s hard to weed through the noise,1,1,0,1,1,0
82223,Incoming? Straight up in progress dudeboy,Over*,I lost half of my funds yesterday so I autistically threw the rest of it on VXX calls.,0,0,0,0,0,0
846,what have u got against cats,">ot that hard to post link, from what I see it seems there's o

no more bankrupcy, gain reports next week, do the math",GME ğŸ™ŒğŸ»ğŸ’ğŸ™ŒğŸ»ğŸ’ğŸ™ŒğŸ»ğŸ’ğŸ™ŒğŸ»ğŸ’ holding from the last time. I wish I could have one share more of GME because I only have one ğŸ˜­ #Europoor,0,0,0,0,0,0
86023,Anybody know anything about Portney and VanEck $Buzz ETF?  Not sure what that will do to all the meme stocks.  I havenâ€™t found much DD at this point...,YouTube Gurus hate him!,They are coming. The mods gave times yesterday,0,0,0,0,0,0
87082,Okay daddy,"UWMC ""I didn't hear no bell""","Everywhere, litterally a sea of them",0,0,0,0,0,0
89416,Nah,Can Amazon go back to at least 3300? This is just fkn sad now,Puts will look juicy by EOD,0,0,0,0,1,0
90331,"Volume on UWMC already at 6M by 9:43AM, pretty much its normal volume for a full day. Green again. Moon mission confirmed.","Jim Cramer doesn't tip, he just tells the waitress the free market will take care of it.","""comment volume of 600"" That is all it takes to become the next WSB target?

Sure Jan.",0,0,0,0,0,0
93017,Hedge funds be like: â€œpayback for gamestop you filthy plebes.â€,Fucking idiot boomers. Ohhh my bond is going down ğŸ˜­ğŸ˜­ğŸ˜­ğŸ˜­ better cause a fucking catastrophe in the market and tank literally fucking everything because I will be making 0.000000001% a year instead of 0.0000000002% ğŸ˜­ğŸ˜­ğŸ˜­ğŸ˜­. God I fucking hate them,Thank you joe Biden. Someone please change his depends and get him on the TV pumping some stimmy.,1,1,0,0,1,0
94747,Same ğŸ™Œ,"Don't sell, I'm seeing some bounce backs",alex karp show them who the big boss is ğŸ˜ˆ,0,0,0,0,0,0
98710,Sold at the bottom today. I feel like a full on autist right now.,Weed is getting crushed today.,am i fucked on UWMC,0,0,0,0,0,0
