example_id,preceding_comment,comment_for_evaluation,following_comment,toxicity,severe_toxicity,identity_attack,insult,profanity,threat
100033,This is the time when you sell.,[https://www.wsj.com/video/watch-jerome-powell-at-wsj-jobs-summit/10FF0DF9-C0E4-4215-8996-5E5BA991BBCE.html](https://www.wsj.com/video/watch-jerome-powell-at-wsj-jobs-summit/10FF0DF9-C0E4-4215-8996-5E5BA991BBCE.html),JPOW literally says the same thing every time he speaks yet the markets always kang the fuck out on days he does,0,0,0,0,0,0
104150,TNX,"this is satire, right?",Did someone hurt you?,0,0,0,0,0,0
108904,"Alexa - Play 'The Sky Is Crying' by Stevie Ray Vaughan (A Good- Sad Blues Tune, Sums up Today)..",üôèüôèüôèüôèüôèüôèüôèüôè,It never is,0,0,0,0,0,0
109891,$T still holding the line for me,OMG Yasssssss,2 weeks? The way its crashing I wont have a portfolio in 2 weeks. This thing better get started next week.,0,0,0,0,0,0
110625,This is the sale right now,Three martinis my friend...I‚Äôm going to lose my job.,W,0,0,0,0,0,0
115291,has anyone had any luck getting rid of anal warts? i tried to burn mine off but it didnt work now they are just more noticable black and burned/charred,Same,because the squeeze is real!,0,0,0,0,0,0
119109,"150$ GME, GIMME THAT MEGATHREAD",Keep on dreaming,"OH FUCKKKKK!!

HE DELETED HIS POST

IT RELLY IS CONSPIRACY",0,0,0,0,0,0
121387,"**Great interview with former broker explaining plainly the GME situation for anyone needing convincing to buy or hold**

[**https://www.youtube.com/watch?v=md-Ihla\_788**](https://www.youtube.com/watch?v=md-Ihla_788)",I wonder what the lost productivity numbers look like from all of us retards just watching charts from meme stocks instead of doing actual work.,Gamme Stoppu Ikei!!!,0,0,1,0,1,0
12347,Finally AAPL is green,Both,its halted moron,0,0,0,0,0,0
128795,"I don't like the company so I personally might not get in, but I agree it's a growth play and a good one at that. Anyone looking for some 4 month gains, ya'll need to listen to that man.",go home page scroll down a bit should be there or sort by top,Make money on AMC and take that money to GME?  I like stocks.,0,0,0,0,0,0
13089,AMC is will me retire early ü§ìü§å,Blockbuster up 25% on retard power alone.,Expect some turbulence and Gs as we exit the atmosphere bitches,0,0,1,0,1,0
131212,"Cancel your application, and go to a real broker.",So we‚Äôre rotating out of the companies making the most money?? (mega cap tech) ü§°ü§°ü§°ü§°ü§°ü§°ü§°,"FINALLY!!!!! GME has gotten higher than what I spent! HOLDING! Not THAT much higher than I spent, not missing out on even bigger gains üòú

I shall once again prove everyone telling me how ‚Äústupid‚Äù I am WRONG ONCE AGAIN! 

HAHAHAHAHAHA üòù",0,0,0,0,0,0
13646,STILL HOLDING BABY,In for another $100 on amc. May God have mercy on my broke ass soul.,HL won‚Äôt fulfil my order on gme :(,0,0,0,0,1,0
139126,"You could sell, but then you won‚Äôt be able to daytrade for 90 days. If the position is that bad and you need to really sell, it might be worth it.",Its going down - its yelling TIMBERRRR,AMD. Wat?,0,0,0,0,0,0
142686,"Good luck GME brothers

Also hoping my UWMC calls can climb from -60% to -50%",Are my tesla shorts fucked?,"I don‚Äôt believe that, instructions unclear, bought 5 more gme",1,0,0,0,1,0
142836,Dumped a bunch of $CUM for $GME,People keep telling me I won‚Äôt be able to time the market.. little do they know I‚Äôm timing it for a loss,Buying again after it's up 500% in a week? Way to loose massive again,0,0,0,0,0,0
149742,10 year to 1.,As of late this tech market is designed to destroy retail. Be careful with the buys today.,Red crayons or green crayons let‚Äôs see,0,0,0,0,0,0
155623,Thank glob,Yeah I only ever buy to average down,MY WALLET RN üí∞ü•¥ü§ë,0,0,0,0,0,0
16391,Can pltr stop shitting the fucking bed,üòÇüòÇ,AMC üí™üèª,0,0,0,0,0,0
164825,Give me plays before close üòà,Because it‚Äôs Tesla,"up 1.63% today, this is the longest i‚Äôve been green in like two weeks",0,0,0,0,0,0
164865,Im guessing pullback tomorrow?,the carbs go straight to your thighs,üëÄ,0,0,0,0,0,0
172470,Obvious lie since options opens next week but nice try,Lol Tesla has gone up half a Ford this morning you people are actually braindead,$ocgn,1,0,0,1,0,0
180557,"Imagine not pricing in stimmy a month ago

*not a üåàüêª btw*","F

Same",Around mid day today,0,0,0,0,0,0
182133,"i mean GME is poppin on 1/3 of the volume of the initial runup. people are not selling. $1,000 may not be a meme",My bad.,All in,0,0,0,0,0,0
18652,GME holddddd get it upppp,Why is there so many amc bots?,‚ÄúWow! Who could have ever seen GME not hitting 300 by open!‚Äù,0,0,0,0,0,0
195740, tbh it wouldn't be bad for further growth if tech calmed down and consolidated for a while,Tax hikes are not bearish in a market that has been dipping over fear of inflation.,You need some sensitivity training,0,0,0,0,0,0
197477,When do you Americans wake up? 4 am?,Most def.,Gamestop does. What‚Äôs your point?,0,0,0,0,0,0
2138,Bruh,Not as much as I love GME,Thanks Dad,0,0,0,0,0,0
216423,Thought I tumbled into last week when I read this,Same bro lol,Based on your expert analysis?,0,0,0,0,0,0
218953,"##LAMBOS OR BREADLINE

There is no in between

üíéüôåüèª",Might have a nice tasty opening.,"Europoors and PJs tryna bring this down so they get in cheap

They know the Big ole Shrek stimmy dick is cumming!!",0,0,0,0,0,0
221659,I shoulda dumped my tsla shares back at 800. Itll rebound but i doubt by 3/19...at this rate anyways,Ihor disagrees,LMFAOOO üåàüêª,0,0,0,0,0,0
223,…¥·¥è·¥° ·¥ò ü·¥Ä è…™…¥…¢: [The Tendieman - r/wallstreet](https://www.youtube.com/watch?v=rejpDqQUcV0) ‚îÄ‚îÄ‚îÄ‚îÄ‚îÄ‚îÄ‚îÄ‚îÄ‚îÄ‚ö™‚îÄ‚îÄ‚îÄ‚îÄ‚îÄ ‚óÑ‚óÑ‚†Ä[‚ñ∂](https://www.youtube.com/watch?v=rejpDqQUcV0)‚†Ä‚ñ∫‚ñ∫‚†Ä 1:30 / 2:15 ‚†Ä ‚îÄ‚îÄ‚îÄ‚óã üîä ·¥¥·¥∞ ‚öôÔ∏è,"Can anyone explain to me what is keeping $GME stock price from dropping or reverting back to its price of around $45 a share?

What is driving up the price and why are we to assume it is going to 300 vs. 50 a share? 

Thanks",$NOK $GME $AMC üöÄüòé,0,0,0,0,0,0
249905,"Aphria and Tilray both up around 10-12% today; I'd assume that news is a big part of it, as well as stimulus money. They're Canadian companies, but the stimulus is generally good news for weed stocks since it seems like retail invests heavily in them (and their products).",PLTR only down 1% on a red day instead of the usual 7-8%. Bullish af,AMC next rest stop 16.,0,0,0,0,1,0
253847,It‚Äôs hilarious how butthurt this sub is about amc. I don‚Äôt get why they‚Äôre all so salty.,Fighting the urge to buy GME puts so bad,You‚Äôre welcome,0,0,0,0,0,0
25523,"Note to self: never ever buy PLTR again, what a steaming pile of shit!",TSLA took a fat shit and decided to fuck me,"Notice how SPY is down now while GME is doing so well. They claim it's because of bond yields rising yet it gapped up over $11 despite knowing very well that the yields are going to rise. Gross. I wonder if they're doing this in order to gradually take profits from their positions in order to prevent any alarms from going off too early, continuing the illusion of everything being alright.
I posted this on the GME thread but I think more exposure the better.

If the trend follows the same pattern as the 23rd at around 9:45AM, look for a trend reversal on large buy volume.",1,0,0,0,1,0
261022,"I'M RECLAIMING MY TIME!!!


*I am a bot, and this action was performed automatically. Please [contact the moderators of this subreddit](/message/compose/?to=/r/wallstreetbets) if you have any questions or concerns.*",Take an upvote for learning from your mistakes. You are much less retarded than Ape Gang.,You must have done it wrong. I don't remember any awaiting period at all.,1,0,1,1,1,0
269440,I think if there truly a FUD campaign over at GME it looks different than what most ppl think. Its like sleeping with a woman and she‚Äôs hooting and hollering the entire time so you know it‚Äôs not real bc small pp,True but it's obligatory,MACD on ARKK just crossed. RSI still closer to an oversold indication. Just loaded up on $130c 4/1s.,0,0,0,0,0,0
270201,"Lol retail won‚Äôt cause the squeeze. We don‚Äôt have the money. 

Plus the people who have the money don‚Äôt qualify for the stimulus. They are millionaires and aren‚Äôt hopping on the meme train.","People on the internet! Right here, on this sub! I believed them because of the liberal amount of emojis in their posts.",It‚Äôs free cheap for a reason,0,0,0,0,0,0
28501,I AM SO NERVEOUS,"pltr stop, he's already dead",Even my positions in copper are getting the shit kicked outta them today and they're usually hardy as fuck.,0,0,0,0,0,0
289181,My UWMC 3/19 9c printing rn,"Nobody look, but PLUG is filling!",why tf does TD/TOS take 3 business days to let you buy options. fuk,0,0,0,0,0,0
289434,Lolololol.,He can buy shares today and then sell them tomorrow for options,So unchanged rates means what? Green?,0,0,0,0,0,0
299794,Ask Tim AAPL for a üì±.,I need way more red than this lol,"BUY PUTS

BUY PUTS

BUY PUTS

BUY PUTS",0,0,0,0,0,0
306398,"Dow is going straight to 40,000. It's green every single day.

Dow is the new Nasdaq.",This is the way.,$BA,0,0,0,0,0,0
306453,UWMC,woah lift off out of nowhere?,When is this rat bastard speaking,0,0,0,0,0,0
309266,In for the long term. Airplanes don‚Äôt run on batteries yet,come on Jpump give a pep talk,You don't think a 40 billion valuation on 1.3 billion in total revenue is classified as overvalued tech? lol,0,0,0,0,0,0
311099,Down 16% $337 wooo gonna blow up my small portfolio at this point thanks aphria and Apple,Market has paper hands for months after 1 red week.,"I will blame ""stimulus addiction"" to rationalize the heinous crimes I commit against my financial well being.",0,0,0,0,0,0
319283,So it's either gonna be another nothing day or epic as fuck.,…¥·¥è·¥° ·¥ò ü·¥Ä è…™…¥…¢: [The Notorious B.I.G. - Gimme](https://www.youtube.com/watch?v=fMayh7FhLGE) ‚îÄ‚îÄ‚îÄ‚îÄ‚îÄ‚îÄ‚îÄ‚îÄ‚îÄ‚ö™‚îÄ‚îÄ‚îÄ‚îÄ‚îÄ ‚óÑ‚óÑ‚†Ä[‚ñ∂](https://www.youtube.com/watch?v=fMayh7FhLGE)‚†Ä‚ñ∫‚ñ∫‚†Ä 3:10 / 4:46 ‚†Ä ‚îÄ‚îÄ‚îÄ‚óã üîä ·¥¥·¥∞ ‚öôÔ∏è,Soxl just go back to 38.99 thanks,0,0,0,0,0,0
322637,No we shouldn‚Äôt encourage any political nonsense in this sub. Clearly states it in the rules.,"had a GME put up 1000% last week, got greedy and didn‚Äôt sell it. It‚Äôs about to expire worthless ü§°","Woof. 

At open : -10% immediately. Then 2% green. Then ping pong within +/- .5%. Fun.",0,0,0,0,0,0
325537,Wow when it drills it goes in hard,All you‚Äôve ever posted about was GME.  That ship has sailed.  Have fun with your bags.  I was in it a month ago for the real run up.,Meanwhile FB is casually up almost 4%,0,0,0,0,0,0
328331,"This market is freaking me out, I feel like the NASDAQ could drill at any moment...",TDA been blocking those for a while I think.,spy 395 eod,0,0,0,0,0,0
332571,You should definitely make the deposit and exercise so you can ride the crash after hours,391/393 spreads my dude,Fuking Apha,0,0,0,0,0,0
336369,Sauce?,GME investors don't know what earnings are. Don't be mean.,#,0,0,0,0,0,0
337364,It‚Äôs because of people like you,$DAL was clearly not the move,"2K comments and only 250 upvotes? Okay, hedgies, calm your titties",0,0,0,0,0,0
338359,Jpow needs to shut his whore mouth like ur_mom and make that printer go brrrrrr.......,Typically this is bullish no?,u mean wednesday after earnings tuesday evening,0,0,0,0,0,0
339708,This post will age terribly,"Etoro didn't finalize my leveraged TSLA positions at the bell on Friday at $654.  


Now, here we are.   


Thanks for the incompetence Etoro!",This game is hard,0,0,0,0,0,0
340510,Super duper fucked,Oof,Been loading may eric calls off profits from that spike a few weeks ago.  Iv is way low right now too.,0,0,0,0,0,0
342454,Imagine thinking you have more info than Cathie Wood on TSLA LMAO,"The amc vote is May 4th

Is it best to load up on puts now or the days right before the vote?","Just ask her out. The short term disappointment of rejection is absolutely nothing compared to years of not knowing. Even when you settle down with another girl, you'll always wonder if that's the one that would've worked out.

Another way to look at it: do you even regret asking anyone out? For me personally, all the times I've been rejected have just faded away and are barely a memory, but I'll always remember the ones I didn't ask out, and it ain't a good feeling.",0,0,0,0,0,0
343965,Go buy some GME at the top,My call spread was deep in the money now it is not ü§£ü§£,NASDAQ is ripping and my tech-heavy portfolio is red LMAO,0,0,0,0,0,0
344026,"dude don‚Äôt blow my cover man 

almost had them",Don‚Äôt follow buffalos off a cliff,Don‚Äôt forget tmf good hedge with spy,0,0,0,0,0,0
344987,I guess if Tesla wants to bleed up all day I can live with that.,I have reason to believe the shorts are covering RKT right now,AMC has Volume,0,0,0,0,0,0
353614,I‚Äôd wait for a reversal to confirm above the 50ema,"Damn, respect. God speed fellow ‚ôø",QAnon?,0,0,0,0,1,0
364469,Good thing I don't know what upst is I guess ü§†,"Guh, this fucking guy again.","I'm glad all the annoying posters are gone
Solitary egg
Trenandoptions 
Ilovetofukmilfs
Chimpu",0,0,0,0,1,0
366031,">the livestream why is SPY going down

stocks sometimes go up, sometimes down",Put on RIDE $7.5 7/16 üòÇ,$XLP,0,0,0,0,0,0
37164,Do it u won‚Äôt,Ones that don‚Äôt start with ARK apparently,"A little SNDL love would be nice, just bring it up like 10 bucks and I'll be happy.",0,0,0,0,0,0
37196,respect brotha,TIME FOR POWERHOUR,"Yeah but the pure physics of it doesn't make sense. The volume is huge right now, the price should be increasing. 90% of the stocks talked about in here are volatile or overvalued so your argument is kinda pointless.",0,0,0,0,0,0
372414,Lol yes...with the rate this market is getting f*** any sprinkling of toppings is gold,when and why?,It's gonna take years of good moves to recover what I've lost in the last couple weeks.  Glad I haven't over invested but would like a solid green day once in a while lol,0,0,0,0,0,0
376735,Mortal combat nightmare! ü§°,Anyone buying RKT today,The best part is them think they are hurting hedge funds by shoveling money into them,0,0,0,0,0,0
377156,"reaction to us markets, small caps were down -3% yesterday",Tesla is now accepting üåΩ for payment,"GME cult is trash, but if that shit drops below $60 I'm buying",0,0,0,0,0,0
378204,Spy just mini squoze. lol thats new.,It tanked before. It is on a cycle now. You might as well leave. It is never going to end.,Since the GME hype is all over... SEE YALL AT RKT!!!,0,0,0,0,0,0
379166,Well this is dumb. I have $10k to buy the dip and am not too confident that the dip is over. This continuous slide is dumb af.,$PLTR under $23 now jesus fucking christ,"Do the 26th, not todays",0,0,0,0,1,0
379856,Guh indeed my friends... guh indeed...,avatar costume checks out,Right. üò≠,0,0,0,0,0,0
381107,Uwmc get up pls,Sold my spy calls. Buying 388puts on spy now,If you've been wearing bull colored glasses like me it's always looked bullish,0,0,0,0,0,0
381461,don‚Äôt be shy SPY keep going up sweetie,Less land space to raise but they still do consume a lot of poultry feed,Glad I bought puts yesterday.,0,0,0,0,0,0
385553,fuck this market,"Apes be like

270: ""we're mooning!""

260: ""we're mooning!""

250: ""we're mooning!""

240: ""we're mooning!""

230: ""we're mooning!""

220: ""we're mooning!""

210: ""we're mooning!""

200: ""we're mooning!""

190: ""we're mooning!""

180: ""we're mooning!""

170: ""we're mooning!""

160: ""we're mooning!""

150: ""we're mooning!""",You're in the wrong place to ask a q like that haha üòÇ,0,0,0,0,0,0
389144,Told wife's BF no more $$ left. He's smashing the housecat now,Weed stocks will save us!! everyoen go there,Go APHA!,0,0,0,0,0,0
396684,I like the money. I‚Äôll do my time working up the ladder and move somewhere better.,Ouch... That $6 drop to $2.50 hurt .  Was hoping to pick up at bottom. We'll see what happens before end of week. The random drop towards end of day was odd.,ugh I wish you guys would leave,0,0,0,0,0,0
401742,I guess the good jobs report is FAKE NEWS to the market?,Yea...... sure..... * backs away slowly *,Some of these tech stocks are down 50% nio is down from like $60 man. It needs to double to get back to ath. Unless you were cash gang most likely your average cost is going to take a long time to recover. Especially if this isn‚Äôt the bottom,0,0,0,0,0,0
403986,Cause I'm losing all my money on the dips idiot,HERE WE GOOOOOOO,Wow I never realized,0,0,0,0,0,0
407760,QS (not a financial advisor),Daily fuck you to AMD,It's still dropping... This is like the titanic getting hit whiling it's sinking and another glacier. Comes by and down taps to make sure it continues to sink.,0,0,0,0,1,0
411211,Tbh all this volatility is definitely good for bears. Market could shoot down 3% instantaneously now that it has this kind of movement going and sentiment is way more bearish than bullish. Bears going to be feasting soon üåàüêª,That little 5 second itch break you take to scratch your pubesüòçüòçüòç,"Went low 30s AH, back in 40s already.",1,0,1,1,1,0
413628,No the latter. K,I really do be believing in amc tho,Is doing homework high a good idea? got an essay to do,0,0,0,0,0,0
417661,"Get in boys, we going to the üåù üöÄ",BIDU is just absolutely brutal,Biden talking about tech and infrastructure maybe ü•≥,0,0,0,0,0,0
419791,ü¶ò fucks,Lotto ticket for tomorrow. $4 NOK calls for .04 üòÇ,You mad lad. This shit gonna close 187. Now pray for me to close above 190 or at least hit 190 tomorrow.,0,0,0,0,0,0
420563,Felt like RAD was a good deal today.  Quadrupled my July calls.  Shots and testing not on the estimates gonna print.,Yeah it all doesn‚Äôt make since. GME is legit a $40 company,"Impressive, must be an options man.",0,0,0,0,0,0
424859,Put a lock on the cabinets üòÇ,No green chasdaq futes please. It needs to stay red if we want to rip today,who else refuses to set a limit sell because greed is stronger than reason üôãüèΩ‚Äç‚ôÇÔ∏è,0,0,0,0,0,0
433472,just bought 1 billion shares!,Probably he thinks he'll just run the country like an adult and the market will sort itself out as if it were a market. The fool.,TESLAPSE,0,0,0,0,0,0
437237,HOOD,"Could be a trap, watch out",$HOOD - to give a nod to the only place its users can afford to live,0,0,0,0,0,0
438567,This is a Friday selloff?  Monday is gonna be hella green,# Omg are RKT shorts finally covering thank fkn god!,PLTR finishing where it started ... lol smh,0,0,0,0,1,0
438731,Volume weighted average price. More useful than simple moving average.,"tlry/apha, 6 months out. Thank me later",RKT stuck at 23.99,0,0,0,0,0,0
438750,Come on bb go back up just a little i need to go green today,We have liftoff,"spy you ignorant slut, where was this rally all day",0,0,0,0,0,0
440154,QQQ,So true. Honorable mention to Deutsche Bank,When the world needed them most SoftBank was no where to be found,0,0,0,0,0,0
450721,PLTR shorts will be eviscerated. Tendy town in sight,Same lol,Just go long spy guys you can‚Äôt lose federal reserve keeps printing,0,0,0,0,0,0
452183,Keep? You have money left?,PLTR will do great things. She's just in one of her phases right now...,20 4/16 35c. Got them cheap. It lays dormant then suddenly awakes with a vengeance so we'll see.,0,0,0,0,0,0
452452,Seems like a sign to buy puts on $DIS.,Do interest rates matter anymore.   They've been creeping up today and the Nasdaq been ignoring it.,Lmao same. Would be lame to sell them at this price,0,0,0,0,0,0
452836,Not a üåàüêª but I want Spy to drop to get a good entry again,That‚Äôll save you like 5%,"Yes, but also a chance at being under 500.",0,0,0,0,0,0
454541,Top paid lifeguard in LA County got $392k in 2019.  How does that make you feel?,Try drinking more orange juice before you rub one out,Kate Rooney all day,0,0,0,0,0,0
461575,Selling everything and buying $GME because fuck the MM‚Äôs,Something about the accumulation of value through time and effort,"SPY, either shit the bed or fly FFS.",0,0,0,0,0,0
466885,[He bought?](https://youtu.be/61Q6wWu5ziY),Yep,What‚Äôs her Instagram?,0,0,0,0,0,0
46735,"Now is the time to exit RKT with profits and ride with house money. It's in the news cycle, prepare for the drop.",Uwmc   Kmph     Tendies,"Tell that to those holding GME. These squeezes could take a long time to materialize. Just stay patient, hedge your portfolio, and readjust your portfolio according your threshold",0,0,0,0,0,0
473055,Dont listen to him I'm proud of you sport!,I hope my calls fill,Just looked at my MAC D and it's about to intersect with my HAN D for a morning takeoff so GME should takeoff today.,0,0,0,0,0,0
483799,Mebege?,You YOLO your life savings?,Sold my Apr 01 620c‚Äôs for a $3k loss. If I held I would‚Äôve made $2500. I hate money,0,0,0,0,0,0
486461,Come back to me after the rug pull,Then why are you asking about it being a bitch? Lol,What was with that huge .16 spike in UWMC? Got my hopes up for a bit there.,1,1,0,1,1,0
488373,lmfao bro. At least you tried it out. I hope you find something good to yolo on soon.,Losing money has never been simpler.,NIO putting me up bigot the last 2 days,0,0,0,0,0,0
493392,"!remindme 6 hours

I‚Äôm gonna go for it",Bro.... do you even RIDE?,I need a miracle to resurrect my portfolio,0,0,0,0,0,0
494141,"printer ran out of ink, one moment while we change the cartridge",Tesla dip yeah right immnot scared,Wait till they dump another 500M shares. Or more than their entire market cap lol,0,0,0,0,0,0
505124,https://www.streetinsider.com/dr/news.php?id=18219451,"So, it create a dip, kick down the can, and give money to gamestop if I understood?

Sounds not that bad to me",Why not?,0,0,0,0,0,0
507846,"> plus I‚Äôm goi

I believe that this is..... the way?",Can't sell half when you only have one,"I think ppl dont know what schadenfreude is..
Thats why you haven't been downvoted yet lol",0,0,0,0,0,0
511203,ON calls only down $600!!!,I‚Äôm selling and rebuying at 20 seems like the move,TSLA to 750 please,0,0,0,0,0,0
511453,I'm a pussy and only do it with SPY. I dont want to bag hold indefinitely for a company,Too many positions. I'm an idiot.,i would wager the long weekend was worth the wait,0,0,0,0,0,0
512555,Dropped only 40 bucks on 0dte spy 407c this morning. They are up 500%. Fuck i wish i put more in,If PLTR isn‚Äôt 30 by Friday I‚Äôll have to go back to robbing sperm banks. Mans gotta eat,Take this down vote,0,0,0,0,0,0
513082,NIO ladder attack,This,"Losing money on PENN. 

Guess the plan is to keep buying shit already at ATHs? üôÑ",0,0,0,0,0,0
515893,"bruh tf is up with oil

can biden blow up a couple of tankers please?

im bleeding over here",I want more money. More!!!,ORBT (TSX) : an ACTUAL space ETF.,0,0,0,0,0,0
522218,Chicks,PRicEd iN,I come here to know what to avoid mostly.,0,0,0,0,0,0
525445,I hope you have to see your bet through for both of our sakes,AAPL printer is online,Wow. Didn‚Äôt take long for me to hate my job today. Fucking hell.,0,0,0,0,0,0
540230,I can get used to this.,r/thetagang,Cruiseline stocks. So good news means go down? LMAO,0,0,0,0,0,0
549871,PTON wow,I‚Äôm a ü§° even with big gains.,Wish calls keep on rolling üëèüëèüëèüëè,0,0,0,0,0,0
56281,"We need a UWMC megathread

STOP BEING PAPER HANDS. We need DIAMOND HANDS TO GO TO THE MOON",Holy shit it‚Äôs bot city in here wtf,This market is a fucking circus,0,0,0,0,1,0
566227,Kangaroo AF might as well move to Australia with my portafolio üíº,"Buy the Netflix dip, they have rights to fuckin Spider-Man",probably wont happen but im praying to the tendie gods üôèüèΩ,0,0,0,0,1,0
572515,Where are the Biden whiners right now?,don't buy them for Monday,45$,0,0,0,0,0,0
572743,They do that ish an hour early for this reason fam that‚Äôs why you gotta sell at a peak before that time comes,"True, just can‚Äôt do anything to the owner tho",Those fuckers that have 69 or 420 $420 4/21 SPY calls are going to make fucking BANK. I know they're out there somewhere. Can't wait for the gains porn.,0,0,0,0,0,0
57601,"$yvr - Cheap entry, just did a deal with atari, squeeze incoming... this should be on everyones radar","$SENS short float at 50% with 1.4 days to cover. Increased from $20M in December to $200M in Feb and likely higher now. Earnings are also tomorrow. 

https://www.marketbeat.com/stocks/NYSEAMERICAN/SENS/short-interest/",Skt is the move,0,0,0,0,0,0
590218,AAPL are you giving me hope again ?!,$795 (please),Cheerful news,0,0,0,0,0,0
593898,Please tell me you‚Äôre up 25% on shares. You‚Äôd have to fuck up pretty bad to be only up 25% on options,QQQ,I need some Tesla gain porn,0,0,0,0,0,0
596627,"Man, I was just thinking the same thing.",This stock will explode soon so many stupid people selling for pennies,"Sold my tsla 750c FDs at open for $500 a pop

Wtf",0,0,0,1,0,0
605385,apparently never,"This is normal, it will stay ""halted"" until they start.","are you fucking kidding me? we‚Äôre a crapto sub now. i‚Äôm leaving.

to add: i saw someone use the banned word and their comment didn‚Äôt get filtered. you had one job mods. OIP you failed.",0,0,0,0,0,0
608989,Fucking yes!,NET puts gunna print today üêª,  GME was 97% before it exploded,0,0,0,0,0,0
609456,"She smiles a lot in public, but is a selfish lover.",See how that one goes. Indication on CNBC said like $350ish indication ü§∑‚Äç‚ôÇÔ∏è,I feel extra stupid trying to understant the capabilities and applications of PLTR. Bullish,0,0,0,0,0,0
611799,SHOW YOURSELF COIN,15 min according to CNBC,Tesla 790 eod,0,0,0,0,0,0
612690,"No, no one is buying that.","TSM going to kill earnings tomorrow morning. AMD will get a big boost, especially because it's so beaten down compared to other chip makers. EZ money.",Looks like pltr consolidating,0,0,0,0,0,0
614105,COIN powers boeing!,HAHAHAHAHAAAAAAA ü§£ü§£ü§£ Oh boy do they hate it,Gingers look bad bald because they tend to be very pale. Engineer from Prometheus looking ass.,0,0,0,0,0,0
61560,Looks like someone didn't look hard enough in the crayon container. Not just green ones in there...,"I wouldn‚Äôt. 50M I people are vaccinated, and JnJ just got approved. Biden is planning on having enough vaccines by May. I don‚Äôt think theirs will be approved in time.","Buy the dip. Eventually these stocks like NIO, PLTR and others will turn this loosing streak around and you will wish you had bought more while it was cheap",0,0,0,0,0,0
76966,It‚Äôs lil intangible robots,Imagine the devastation,"LOL, I'm glad I got it at open and sold near the top then!
Almost 40% profit!

Helped me recover some GME loss :P",0,0,0,0,0,0
82626,The only bond I know is the one between you and me,Stimulus is actually bad now because they are destroying the countries finances and fueling inflationary pressures,If u buy gme then u will look!!,0,0,0,0,0,0
82672,Is it,"Morning routine since finding /r/wallstreetbets:

I wake up. I take a big shit. I check all my tickers. Then I get out of bed.",Puts apparently,0,0,0,0,1,0
84433,DIS,.... the stock market,We‚Äôve had pltr push before gme was even in your mind last year,0,0,0,0,0,0
85263,"I swore to myself id get shit done today... yet here i am, refreshing the colorful lines every 2 seconds...","Wake up

Buy PLTR 

Jack it to Cathie Wood market update 

Living the high life",Yup. I got fucked by UWMC at open yesterday.,0,0,0,0,0,0
87473,"Dividend capture is a thing, and you can time the people trying to do it to make a profit most times. In this case the extra hype is making the prices do weird things","So is everyone pumping UWMC today?

Seems a lot of people are talking about it. We all know what happens after that. ü¶ç","Not getting my hopes up yet.. although technicals say we're massively oversold i wouldn't put  a dead cat bounce out of the question, but NDX is also at the 100MA so we'll have to watch price action closely and make sure she doesn't slice through that, 100MA also offered support in the September correction from the SoftBank call whale fiasco.",0,0,0,0,0,0
88828,SKTTTTTTTTTTTTTTTTTTTTTTT,"yo anyone playing SNOW puts? This dumps after lock-up, no?",It shows how many people here weren‚Äôt around in September,0,0,0,0,0,0
91792,TSLA Call Credit Spreads,I sure hope the MMs are prepared to buy back everything and raise the market 10% in the next two weeks,Say it with me: kick TSLA out of the S&P üëè,0,0,0,0,0,0
95486,"I want all of these bears dead by lunch time, take spy to 390",L,"yeah im gonna post an image on a personal account in an age where data can be harvested and dox'd just to make a random poor on the internet happy 

lmfao no thanks im not an idiot nice try though

: - )",0,0,0,0,0,0