example_id,attribute
587369,identity_attack
516793,identity_attack
417327,identity_attack
93017,identity_attack
306705,identity_attack
20300,insult
587369,insult
574216,insult
547861,insult
364469,insult
330394,insult
306705,insult
213717,insult
335182,insult
619248,insult
91067,insult
93017,insult
593333,profanity
41179,profanity
75801,profanity
516527,profanity
459102,profanity
431566,profanity
211492,profanity
231134,profanity
146432,profanity
180557,profanity
189608,profanity
356906,profanity
424297,profanity
368384,severe_toxicity
93017,severe_toxicity
340113,severe_toxicity
609296,severe_toxicity
75801,severe_toxicity
335182,toxicity
477396,toxicity
75801,toxicity
587369,toxicity
280313,toxicity
246265,toxicity
